Virus Type,Aligned Positions
DENV_1,49
DENV_1,64
DENV_1,77
DENV_1,101
DENV_1,107
DENV_1,122
DENV_1,134
DENV_1,167
DENV_1,168
DENV_1,179
DENV_1,210
DENV_1,212
DENV_1,309
DENV_1,322
DENV_1,323
DENV_1,337
DENV_1,408
DENV_1,409
DENV_1,134
DENV_1,213
DENV_1,324
DENV_1,159
DENV_1,161
DENV_1,108
DENV_1,100
DENV_1,78
DENV_1,79
DENV_1,110
DENV_1,111
DENV_1,73
DENV_1,99
DENV_1,122
DENV_1,307
DENV_1,104
DENV_1,106
DENV_1,177
DENV_1,184
DENV_1,304
DENV_2,8
DENV_2,9
DENV_2,12
DENV_2,13
DENV_2,103
DENV_2,104
DENV_2,111
DENV_3,50
DENV_3,51
DENV_3,52
DENV_3,53
DENV_3,54
DENV_3,55
DENV_3,73
DENV_3,74
DENV_3,101
DENV_3,106
DENV_3,126
DENV_3,128
DENV_3,130
DENV_3,131
DENV_3,133
DENV_3,134
DENV_3,148
DENV_3,208
DENV_3,210
DENV_3,286
DENV_3,289
DENV_3,323
DENV_3,324
DENV_3,325
DENV_3,135
DENV_3,215
DENV_3,111
DENV_4,320
DENV_4,321
DENV_4,327
DENV_4,331
DENV_4,332
DENV_4,333
DENV_4,334
DENV_4,335
DENV_4,336
DENV_4,337
DENV_4,352
DENV_4,375
DENV_4,381
DENV_4,166
DENV_4,167
DENV_4,168
DENV_4,173
DENV_4,180
DENV_4,181
DENV_4,182
DENV_4,183
DENV_4,186
DENV_4,187
DENV_4,189
DENV_4,190
DENV_4,305
DENV_4,307
WNV,101
WNV,104
WNV,106
WNV,495
YFV,71
YFV,161
YFV,162
YFV,163
