IEDB ID,Virus Type,Epitope Sequence
783,Dengue_virus,ADTQGS
1062,Dengue_virus,AELTGY
1064,Dengue_virus,AELTGYGTVT
2133,Dengue_virus,AIYGAA
2611,Dengue_virus,ALHQVF
2612,Dengue_virus,ALHQVFGAIYGAAFSGVSWT
2925,Dengue_virus,ALTGAT
3092,Dengue_virus,AMFTCK
5047,Dengue_virus,ATLRKY
5048,Dengue_virus,ATLRKYCI
5645,Dengue_virus,AWDFGS
5674,Dengue_virus,AWLVHR
5675,Dengue_virus,AWLVHRQWFLDLPLPW
6007,Dengue_virus,CAMFTC
6309,Dengue_virus,CGLFGK
6484,Dengue_virus,CKHSMV
6495,Dengue_virus,CKKNME
6931,Dengue_virus,CRLRMD
7057,Dengue_virus,CSPRTG
8259,Dengue_virus,DFELIK
8294,Dengue_virus,DFNEMV
8329,Dengue_virus,DFVEGV
8843,Dengue_virus,DKAWLV
8981,Dengue_virus,DKRFLC
9235,Dengue_virus,DLPLPW
9978,Dengue_virus,DRGWGN
10278,Dengue_virus,DSYIII
10298,Dengue_virus,DTAWDF
10346,Dengue_virus,DTGKHG
10463,Dengue_virus,DTQGSN
10789,Dengue_virus,DVVVLG
11029,Dengue_virus,EAELTGYG
11263,Dengue_virus,ECSPRT
11362,Dengue_virus,EDKAWL
12209,Dengue_virus,EGKVVL
12321,Dengue_virus,EHAVGN
12486,Dengue_virus,EIKITP
13426,Dengue_virus,EMVLLQ
13766,Dengue_virus,EPSLNE
14475,Dengue_virus,ETLVTF
14476,Dengue_virus,ETLVTFKN
15099,Dengue_virus,EYTIVI
15751,Dengue_virus,FETTMR
15952,Dengue_virus,FGAIYG
15968,Dengue_virus,FGDSYI
15998,Dengue_virus,FGKGGI
16060,Dengue_virus,FGSLGG
16421,Dengue_virus,FKNPHA
16552,Dengue_virus,FLDLPL
17726,Dengue_virus,FSGVSW
18634,Dengue_virus,GAIYGA
18784,Dengue_virus,GATEIQ
18866,Dengue_virus,GCGLFG
19121,Dengue_virus,GDSYII
19122,Dengue_virus,GDTAWD
19893,Dengue_virus,GGIVTC
20069,Dengue_virus,GGVFTS
20484,Dengue_virus,GIVTCA
20569,Dengue_virus,GKGGIV
20724,Dengue_virus,GKVVLP
20793,Dengue_virus,GLDFNE
20850,Dengue_virus,GLFGKG
21431,Dengue_virus,GNGCGL
21466,Dengue_virus,GNLLFT
22132,Dengue_virus,GRLITV
22434,Dengue_virus,GSNWIQ
22716,Dengue_virus,GTIVIR
22717,Dengue_virus,GTIVIRVQYEG
22972,Dengue_virus,GVFTSI
23004,Dengue_virus,GVIITW
23139,Dengue_virus,GVSGGS
23160,Dengue_virus,GVSWTM
23207,Dengue_virus,GVVTLY
23249,Dengue_virus,GWGNGC
23349,Dengue_virus,GYGTVT
23961,Dengue_virus,HGTIVI
24656,Dengue_virus,HQVFGA
24703,Dengue_virus,HRQWFL
24816,Dengue_virus,HSMVDR
25061,Dengue_virus,HVLGRL
26246,Dengue_virus,IGISNR
26247,Dengue_virus,IGISNRDFV
26307,Dengue_virus,IGQMFE
26308,Dengue_virus,IGQMFETTMR
26338,Dengue_virus,IGVIIT
26537,Dengue_virus,IIIGVE
26714,Dengue_virus,IITWIG
28415,Dengue_virus,IRVQYE
28637,Dengue_virus,ISNRDF
29147,Dengue_virus,ITWIGM
29315,Dengue_virus,IVIRVQ
29463,Dengue_virus,IVTCAM
29464,Dengue_virus,IVTCAMF
29582,Dengue_virus,IYGAAF
30025,Dengue_virus,KAWLVH
30937,Dengue_virus,KGGIVT
31322,Dengue_virus,KILIGV
31323,Dengue_virus,KILIGVIITWIGM
31649,Dengue_virus,KKNMEG
32587,Dengue_virus,KNPHAK
33155,Dengue_virus,KRHVLG
34238,Dengue_virus,KVVLPE
35062,Dengue_virus,LCKHSM
35153,Dengue_virus,LDFELI
35218,Dengue_virus,LDLPLP
35777,Dengue_virus,LEYTIV
35840,Dengue_virus,LFGKGG
35994,Dengue_virus,LFTGHL
36077,Dengue_virus,LGDTAW
36136,Dengue_virus,LGGVFT
36304,Dengue_virus,LGRLIT
36324,Dengue_virus,LGSQEG
36415,Dengue_virus,LHQVFG
36542,Dengue_virus,LIGVII
36734,Dengue_virus,LITVNP
36813,Dengue_virus,LKCRLR
36947,Dengue_virus,LKLNWF
37301,Dengue_virus,LLFTGH
37709,Dengue_virus,LLQMED
38201,Dengue_virus,LNEEQD
38490,Dengue_virus,LPGADT
38583,Dengue_virus,LPLPWL
38771,Dengue_virus,LPWLPG
39132,Dengue_virus,LRKYCI
39748,Dengue_virus,LSVSLV
39936,Dengue_virus,LTGYGT
40380,Dengue_virus,LVGVVT
40383,Dengue_virus,LVHRQW
40461,Dengue_virus,LVLVGV
40610,Dengue_virus,LVTFKN
40837,Dengue_virus,LYLGAM
41052,Dengue_virus,MAILGD
41058,Dengue_virus,MAKNKP
41307,Dengue_virus,MECSPR
41310,Dengue_virus,MEDKAW
41365,Dengue_virus,MEGKVV
41541,Dengue_virus,MFTCKK
42669,Dengue_virus,MSSGNL
42928,Dengue_virus,MVDRGW
42929,Dengue_virus,MVDRGWGNGCGL
42965,Dengue_virus,MVLLQM
43530,Dengue_virus,NDTGKH
43693,Dengue_virus,NEMVLL
43963,Dengue_virus,NGCGLF
44699,Dengue_virus,NLEYTI
44700,Dengue_virus,NLEYTIVITP
44778,Dengue_virus,NLLFTG
44967,Dengue_virus,NMEGKV
45659,Dengue_virus,NRDFVE
45965,Dengue_virus,NSRSTS
47494,Dengue_virus,PFGDSY
47495,Dengue_virus,PFGDSYIIIGVE
48459,Dengue_virus,PLPWLP
49261,Dengue_virus,PRTGLD
50039,Dengue_virus,PWLPGA
50535,Dengue_virus,QDVVVL
50536,Dengue_virus,QDVVVLGS
50959,Dengue_virus,QGSNWI
51391,Dengue_virus,QLKLNW
51392,Dengue_virus,QLKLNWF
52696,Dengue_virus,QVFGAI
52833,Dengue_virus,QWFLDL
53343,Dengue_virus,RDFVEG
53822,Dengue_virus,RGAKRM
54016,Dengue_virus,RGWGNG
54104,Dengue_virus,RHVLGR
54105,Dengue_virus,RHVLGRLITVNP
54451,Dengue_virus,RKYCIE
54601,Dengue_virus,RLITVN
54850,Dengue_virus,RMAILG
55508,Dengue_virus,RQWFLD
55981,Dengue_virus,RSTSLS
56060,Dengue_virus,RTGLDF
56061,Dengue_virus,RTGLDFN
56386,Dengue_virus,RVQYEG
58060,Dengue_virus,SGGSWV
58148,Dengue_virus,SGNLLF
58149,Dengue_virus,SGNLLFTGHL
58299,Dengue_virus,SGVSWT
59134,Dengue_virus,SLGGVF
59350,Dengue_virus,SLNEEQ
59487,Dengue_virus,SLSVSL
59558,Dengue_virus,SLVLVG
59764,Dengue_virus,SMVDRG
59892,Dengue_virus,SNRDFV
60235,Dengue_virus,SPRTGL
60810,Dengue_virus,SRSTSL
60811,Dengue_virus,SRSTSLSVSLVLVGVVTLYLGAMV
61900,Dengue_virus,STSLSV
62329,Dengue_virus,SVSLVL
62500,Dengue_virus,SWVDIV
62579,Dengue_virus,SYIIIG
63043,Dengue_virus,TAWDFG
63044,Dengue_virus,TAWDFGSLGGVFTSIG
63056,Dengue_virus,TCAMFT
63082,Dengue_virus,TCKKNM
63693,Dengue_virus,TFKNPH
63791,Dengue_virus,TGATEI
63878,Dengue_virus,TGLDFN
64004,Dengue_virus,TGYGTV
64498,Dengue_virus,TIVIRV
64499,Dengue_virus,TIVITP
65044,Dengue_virus,TLRKYC
65139,Dengue_virus,TLVTFK
65158,Dengue_virus,TLYLGA
65860,Dengue_virus,TQGSNW
65861,Dengue_virus,TQGSNWIQ
66316,Dengue_virus,TSLSVS
144885,Dengue_virus,EPGQLKLNWFKKGSS
144940,Dengue_virus,RHVLGRLITVNPIVT
66598,Dengue_virus,TTESRC
67266,Dengue_virus,TWIGMN
67990,Dengue_virus,VDIVLE
68057,Dengue_virus,VDRGWG
68466,Dengue_virus,VFGAIY
68589,Dengue_virus,VFTSIG
68816,Dengue_virus,VGVVTL
68884,Dengue_virus,VHRQWF
68997,Dengue_virus,VIITWI
69106,Dengue_virus,VIRVQY
69515,Dengue_virus,VLGRLI
69517,Dengue_virus,VLGSQE
69624,Dengue_virus,VLLQME
69824,Dengue_virus,VLVGVV
70951,Dengue_virus,VSGGSW
70952,Dengue_virus,VSGGSWVDIVLE
71045,Dengue_virus,VSLVLV
71262,Dengue_virus,VTCAMF
71414,Dengue_virus,VTLYLG
71738,Dengue_virus,VVLGSQ
71855,Dengue_virus,VVTLYL
71877,Dengue_virus,VVVLGS
72300,Dengue_virus,WDFGSL
72413,Dengue_virus,WFLDLP
72483,Dengue_virus,WGNGCG
72615,Dengue_virus,WIGMNS
72765,Dengue_virus,WLPGAD
72820,Dengue_virus,WLVHRQ
73147,Dengue_virus,WTMKIL
73181,Dengue_virus,WVDIVL
73974,Dengue_virus,YGAAFS
74235,Dengue_virus,YIIIGV
74664,Dengue_virus,YLGAMV
75809,Dengue_virus,YSMCTG
76086,Dengue_virus,YTIVIT
161711,Japanese_encephalitis_virus,TLDVRMINIEASQLA
40167,West_Nile_virus,LTSGHLKCRVKMEKLQLKGT
40619,West_Nile_virus,LVTVNPFVSVATANS
161696,West_Nile_virus,SKAFKFARTPADTG
161715,West_Nile_virus,TTVESHGKIGATQAGRF
